Rank,Player Name,Player Alliance,Points
1,TheRequiem,[P1MP]JU1CE,16655363
2,Azethoth,[HDG] HérosdeGuerre,11856271
3,Eldagrim,[P1MP]JU1CE,9713823
4,Fayans,[Bigg] Бароны,9298947
5,Diana215,[Sold] Soldiers S119,6743009
6,chauncey,[P1MP]JU1CE,5891810
7,RollingStoners,[P1MP]JU1CE,5812714
8,ViE,[P1MP]JU1CER,5300951
9,JimmyJam,[P1MP]JU1CE,4358646
10,Jeff,[P1MP]JU1CE,4106808
11,Tiffanie23,[Bigg] Бароны,3671568
12,AzethothMONKEY,[DOOM] Armageddon S119,3565442
13,kvadrateg,[TSR2] TheShardofReality2 S119,3388632
14,Chickendog,[P1MP]JU1CE,3362047
15,AyeGee,[P1MP]JU1CE,3071648
16,Veenkle2,[DOOM] Armageddon S119,2969723
17,Аленамама,[CLAV] ВОЙНЫ S119,2884012
18,alggagi,[P1MP]JU1CE,2880587
19,МальчикАмбальчик,[KRL] кристал S119,2871030
20,불휘이,[GDI] GolgDiggers,2870825
21,Queencard,[GDI] GolgDiggers,2846159
22,BoredAtWork,[P1MP]JU1CER,2760105
23,ZhekaSkillDoc,[Sold] Soldiers S119,2731877
24,SkiFcheGG,[GDI] GolgDiggers,2720603
25,ArT-G,[GDI] GolgDiggers,2713240
26,ALEXBATE,[DOOM] Armageddon S119,2705895
27,Boroda221,[BNN] Banana S119,2635483
28,Напасыч,[DOOM] Armageddon S119,2611430
29,seg15,[DOOM] Armageddon S119,2558403
30,promos,[WIn] OnlyWin S119,2555521
31,Sergant13,[CLAV] ВОЙНЫ S119,2524145
32,xCollapse,[SKG] Horizon S119,2493995
33,Дорожник,[DOOM] Armageddon S119,2435609
34,ФермеР,[TSR2] TheShardofReality2 S119,2398943
35,Старичек,[Bigg] Бароны,2382437
36,Mortrim,[DOOM] Armageddon S119,2365430
37,Godfather°,[Bigg] Бароны,2360082
38,Oliver17,[SKG] Horizon S119,2330875
39,LynxNM,[HDG] HérosdeGuerre,2309836
40,Inpush,[DOOM] Armageddon S119,2303111
41,Кэтринан,[OFF] OnlyForFans S119,2298446
42,EdVo,[OFF] OnlyForFans S119,2277592
43,Стич,[Sold] Soldiers S119,2264573
44,Nika~,[STLG] SteelLegion S119,2255575
45,IKARI°P1MP,[P1MP]JU1CE,2248050
46,дроновод,[DOOM] Armageddon S119,2221128
47,Warpunish,[SKG] Horizon S119,2216389
48,Гессху,[SKG] Horizon S119,2191931
49,ADEL777,[TSR2] TheShardofReality2 S119,2171073
50,ДЕДМАЗАЙ,[DOOM] Armageddon S119,2169566
51,Шакалад,[RTR] RETRO S119,2151836
52,KэTRin,[DOOM] Armageddon S119,2137670
53,PANDa,[OFF] OnlyForFans S119,2133026
54,PORTLAND,[DOOM] Armageddon S119,2128200
55,Rzurzu,[P2MP] NowaPolandia,2121706
56,AlInA,[CHIL] ChillEmpire S119,2111561
57,Tony-Soprano,[HDG] HérosdeGuerre,2072674
58,Вредный,[SORI] ВРЕДНЫЕ S119,2067210
59,CorRvus,[RTR] RETRO S119,2046589
60,Boomboomberry,[P1MP]JU1CE,2039141
61,Seidhe,[SKG] Horizon S119,2035635
62,NiGaN,[DOOM] Armageddon S119,2028871
63,Акуг,[SORI] ВРЕДНЫЕ S119,2027896
64,klon95,[DOOM] Armageddon S119,2021213
65,kykas,[RTR] RETRO S119,2013795
66,Умница,[CHIL] ChillEmpire S119,2010722
67,владкмс,[Bigg] Бароны,2005998
68,Татали,[CLAV] ВОЙНЫ- S119,1989235
69,МаксКлим,[SORI] ВРЕДНЫЕ S119,1981537
70,ХесусХарисрама,[GDI] GolgDiggers,1956682
71,Сабии,[DOOM] Armageddon S119,1954875
72,Zlaya,[DOOM] Armageddon S119,1953893
73,Thefoxcub,[STLG] SteelLegion S119,1937040
74,kOsTaн7965,[Bigg] Бароны,1935257
75,fRame,[0G8b] AbyssTerritory S119,1926475
76,GunnerGat,[AZT] AntiZombieTeam,1914910
77,красиВо,[DOOM] Armageddon S119,1914176
78,gobot,[GDI] GolgDiggers,1913929
79,X-day,[SORI] ВРЕДНЫЕ S119,1912246
80,DozaPsixoza,[DOOM] Armageddon S119,1898358
81,San4,[KRL] кристал S119,1891682
82,ARKAN8,[GDI] GolgDiggers,1891160
83,Андрей911,[CHIL] ChillEmpire S119,1867779
84,Размаж,[Bigg] Бароны,1853221
85,Осьминог,[DOOM] Armageddon S119,1851651
86,Veyvel,[0G8b] AbyssTerritory S119,1840908
87,пиТон3315,[WIn] OnlyWin S119,1837011
88,Никольск,[Hhhh] Xpovos S119,1819527
89,miha18sm,[DOOM] Armageddon S119,1817900
90,Dodi24,[DOOM] Armageddon S119,1811817
91,рон1,[RTR] RETRO S119,1809837
92,RiwMraz,[DOOM] Armageddon S119,1803095
93,Sem3,[DOOM] Armageddon S119,1794738
94,VoroBuskI,[DOOM] Armageddon S119,1779687
95,RiDDicK,[STLG] SteelLegion S119,1774004
96,VIKINGgamer,[Bigg] Бароны,1762030
97,StraPonASSa,[Bigg] Бароны,1755133
98,Lenivaya,[CHIL] ChillEmpire S119,1747603
99,Землеход,[SORI] ВРЕДНЫЕ S119,1744045
100,инфо,[STLG] SteelLegion S119,1739420
101,USEM,[Sold] Soldiers S119,1737512
102,AstralZ+>Oo°,[OFF] OnlyForFans S119,1728929
103,Maketa,[TSR2] TheShardofReality2 S119,1722283
104,DubaiEscort,[SORI] ВРЕДНЫЕ S119,1702971
105,EvVa,[DOOM] Armageddon S119,1697743
106,-Alexandro-,[CHIL] ChillEmpire S119,1693002
107,Mezomofr,[STLG] SteelLegion S119,1692082
108,хакк,[OFF] OnlyForFans S119,1688682
109,Коржик,[Hhhh] Xpovos S119,1688192
110,•ZenA•,[DOOM] Armageddon S119,1683443
111,Весовщик,[WIn] OnlyWin S119,1681387
112,bluumen54,[OFF] OnlyForFans S119,1677407
113,Nastasia16011988,[HLCZ] HellsCrazy S119,1672737
114,ОтмороженныйДед,[STLG] SteelLegion S119,1670100
115,Antm,[RTR] RETRO S119,1666171
116,хХхСергейхХх,[CLAV] ВОЙНЫ S119,1664976
117,Flower888,[RTR] RETRO S119,1664611
118,Hunter,[TSR2] TheShardofReality2 S119,1660148
119,Mistresss,[GDI] GolgDiggers,1651144
120,Резоуст,[WIn] OnlyWin S119,1650463
121,Сварожич78,[SKG] Horizon S119,1645655
122,vl7,[DOOM] Armageddon S119,1643356
123,Тэланд,[WIn] OnlyWin S119,1640593
124,Ankals,[STLG] SteelLegion S119,1640518
125,fantazer99,[OFF] OnlyForFans S119,1637007
126,Барсов,[WIn] OnlyWin S119,1635071
127,Тигрица37,[SORI] ВРЕДНЫЕ S119,1634637
128,DimaLowTab,[OFF] OnlyForFans S119,1634350
129,Судья,[DOOM] Armageddon S119,1632908
130,firstry,[TSR2] TheShardofReality2 S119,1631071
131,KaRTaL60,[HDG] HérosdeGuerre,1631009
132,ejen,[0G8b] AbyssTerritory S119,1629770
133,Budmen,[SORI] ВРЕДНЫЕ S119,1629359
134,Kra4os,[SORI] ВРЕДНЫЕ S119,1628961
135,Nежная,[RTR] RETRO S119,1628078
136,Селенар,[Hhhh] Xpovos S119,1624937
137,mrKUK,[TSR2] TheShardofReality2 S119,1623692
138,Strannikkkkkkk,[SORI] ВРЕДНЫЕ S119,1623276
139,FirstWarden,[WIn] OnlyWin S119,1621815
140,KpelvleHb,[STLG] SteelLegion S119,1618114
141,iSeeU,[DOOM] Armageddon S119,1617323
142,Poooncho,[GDI] GolgDiggers,1617021
143,FatTony11,[STLG] SteelLegion S119,1615976
144,Wolfí,[RTR] RETRO S119,1606705
145,ArsenMAM,[SKG] Horizon S119,1606019
146,KatrinAmi,[CHIL] ChillEmpire S119,1604410
147,vit-sol,[DOOM] Armageddon S119,1601620
148,•Fe*4,[CLAV] ВОЙНЫ S119,1599960
149,GFreeman666,[TSR2] TheShardofReality2 S119,1599932
150,Tekinsoldier,[P1MP]JU1CE,1598852
151,pituh,[TSR2] TheShardofReality2 S119,1592908
152,Knopo4ka,[RTR] RETRO S119,1588761
153,paNika,[CLAV] ВОЙНЫ- S119,1587041
154,RELAX1,[STLG] SteelLegion S119,1585530
155,Белка~,[DOOM] Armageddon S119,1585460
156,TENSEI,[TSR2] TheShardofReality2 S119,1584880
157,Мaxopka,[STLG] SteelLegion S119,1582785
158,Хзк,[WIn] OnlyWin S119,1582134
159,JourneyRex,[HDG] HérosdeGuerre,1580573
160,Popodelkin,[BNN] Banana S119,1580497
161,Konstantinos86,[P2MP] NowaPolandia,1579978
162,Нанит,[SORI] ВРЕДНЫЕ S119,1578118
163,[STLG] SteelLegion,S119,1578026
164,Спартак89,[STLG] SteelLegion S119,1577174
165,Chop-Chop,[DOOM] Armageddon S119,1573430
166,Nomadic,[CLAV] ВОЙНЫ S119,1571918
167,Ладулька,[DOOM] Armageddon S119,1568909
168,[TSR2] TheShardofReality2,S119,1568347
169,Куськаа,[SKG] Horizon S119,1568122
170,SweTlayaY,[Sold] Soldiers S119,1567773
171,Олька38,[CHIL] ChillEmpire S119,1566019
172,Anr23,[DOOM] Armageddon S119,1565628
173,Davoth,[DOOM] Armageddon S119,1565605
174,SERIOUS-INJURY,[TSR2] TheShardofReality2 S119,1565135
175,hoof,[GDI] GolgDiggers,1563822
176,Arlion,[TSR2] TheShardofReality2 S119,1559947
177,Julie18,[SKG] Horizon S119,1558088
178,Oksano4Ka666,[RTR] RETRO S119,1557353
179,BornToBeWild88,[TSR2] TheShardofReality2 S119,1555164
180,DrBaзелин,[DOOM] Armageddon S119,1554520
181,Wasilisa,[Sold] Soldiers S119,1552689
182,Asoka-909,[TSR2] TheShardofReality2 S119,1552465
183,Yra187,[STLG] SteelLegion S119,1551301
184,Zaaaal,[RTR] RETRO S119,1549704
185,Rostov-Angeles,[CLAV] ВОЙНЫ- S119,1549193
186,Antonio1986,[OFF] OnlyForFans S119,1548049
187,DeaDShot,[STLG] SteelLegion S119,1546504
188,Philinx,[SORI] ВРЕДНЫЕ S119,1543640
189,Yarosl,[cHIL] ChillEmpire S119,1542400
190,Lucifer,[STLG] SteelLegion S119,1540014
191,zombibutcher1923,[SKG] Horizon S119,1537585
192,Sedykh,[TSR2] TheShardofReality2 S119,1536460
193,NaDinka,[TSR2] TheShardofReality2 S119,1535902
194,Серёгааа,[KRL] кристал S119,1534940
195,иностранец,[cHIL] ChillEmpire S119,1533723
196,jf17,[AZT] AntiZombieTeam,1532885
197,Razy,[OFF] OnlyForFans S119,1532716
198,RamsesIl,[DOOM] Armageddon S119,1532202
199,UmbrAPanther,[TSR2] TheShardofReality2 S119,1531566
200,ТоШкиН,[KRL] кристал S119,1529939
201,Akazzza,[STLG] SteelLegion S119,1528868
202,Префект,[KRL] кристал S119,1526348
203,Letun33,[OFF] OnlyForFans S119,1525834
204,JleHaP,[RTR] RETRO S119,1520140
205,evrenhalo,[P2MP] NowaPolandia,1519376
206,Alinka,[KRL] кристал S119,1518540
207,Sapogik,[UAW] UpadteAnioły S119,1517965
208,archer339,[P1MP]JU1CE,1517267
209,bob763,[STLG] SteelLegion S119,1516292
210,Buhgalter,[SSSE] Pensioners S119,1515138
211,Legats,[CHIL] ChillEmpire S119,1514722
212,Men007,[DOOM] Armageddon S119,1514524
213,stafan,[WIn] OnlyWin S119,1513430
214,Gorbin,[CHIL] ChillEmpire S119,1513157
215,T-800-,[STLG] SteelLegion S119,1512228
216,ayna,[Hhhh] Xpovos S119,1510729
217,Sickness,[STLG] SteelLegion S119,1509803
218,EnigmaNato,[RTR] RETRO S119,1509385
219,Barents,[WIn] OnlyWin S119,1508443
220,DaRkQueen,[CHIL] ChillEmpire S119,1508274
221,КапитанБаян,[STLG] SteelLegion S119,1506437
222,ВРЕДНАЯ,[SORI] ВРЕДНЫЕ S119,1504952
223,Артур006,[WIn] OnlyWin S119,1504922
224,PartoS,[RTRJ RETRO S119,1503900
225,Leylik,[Sold] Soldiers S119,1502977
226,ARMAGEDdON,[DOOM] Armageddon S119,1502834
227,ViZzzz,[CHIL] ChillEmpire S119,1502729
228,Luke0727,[P2MP] NowaPolandia,1501013
229,Ланка280,[CLAV] ВОЙНЫ S119,1500934
230,Helen08,[STLG] SteelLegion S119,1500885
231,Viamay,[SKG] Horizon S119,1480347
232,MissCherry1221,[Hhhh] Xpovos S119,1468884
233,КОМПОСТ,[DOOM] Armageddon S119,1458580
234,Parada,[HDG] HérosdeGuerre,1445524
235,Vicstorys,[WIn] OnlyWin S119,1439715
236,HALKER,[G95] Grozny S119,1423842
237,Hyha54rus,[CLAV] ВОЙНЫ S119,1415345
238,2Каратель,[ALIN] RUSalina,1411034
239,Тимур999,[STLG] SteelLegion S119,1405050
240,lola319,[OFF] OnlyForFans S119,1404873
241,KOKRAN,[KRS] KRATOS,1397860
242,okouioui,[HDG] HérosdeGuerre,1388343
243,КСюЛЯ2209,[OFF] OnlyForFans S119,1384513
244,ЭGREGORE,[DOOM] Armageddon S119,1374353
245,lolqzdno,[GDI] GolgDiggers,1351747
246,PreacheR,[P1MP]JU1CE,1339676
247,Лиза1982,[Sold] Soldiers S119,1330624
248,Twiga,[GDI] GolgDiggers,1329960
249,Karinkasss,[Bigg] Бароны,1327246
250,Toblinice,[P1MP]JU1CE,1320390
251,sweertvi,[Sold] Soldiers S119,1311602
252,•МАУИ*,[GDI] GolgDiggers,1300357
253,InkedBabyeePIMP,[P1MP]JU1CE,1299251
254,Hacheslav,[CHIL] ChillEmpire S119,1286146
255,KILLABWOY2002,[P1MP]JU1CE,1285406
256,Squad0o,[P1MP]JU1CE,1285375
257,alant,[CLAV] ВОЙНЫ S119,1281120
258,Vetaliy,[CHIL] ChillEmpire S119,1274366
259,1STQ8,[P1MP]JU1CE,1270859
260,плутик,[BNN] Banana S119,1268845
261,сяусу,[HLCZ] HellsCrazy S119,1246921
262,Brody138,[P1MP]JU1CER,1232280
263,Злая •Ведьма,[GDI] GolgDiggers,1216723
264,Karakhan,[Bigg] Бароны,1212938
265,Berzloi,[Bigg] Бароны,1206883
266,CheckMateBB,[HDG] HérosdeGuerre,1174886
267,Pilotad,[BNN] Banana S119,1172732
268,InvaderPimp,[P1MP]JU1CE,1169140
269,Qew,[AZT] AntiZombieTeam,1166330
270,Titania008,[OUTS] OUTSIDERS,1166129
271,B3N,[P1MP]JU1CE,1154874
272,TeamGwada,[OUTS] OUTSIDERS,1141470
273,MoRaLiStKa,[STLG] SteelLegion S119,1138402
274,Chris777,[CHIL] ChillEmpire S119,1134930
275,-Дюша-,[Hhhh] Xpovos S119,1123944
276,ksenn,[OFF] OnlyForFans S119,1120683
277,ivanpizdorvan,[GDI] GolgDiggers,1110905
278,Хужа,[STLG] SteelLegion S119,1105873
279,Badhead,[Bigg] Бароны,1102025
280,JSP Eo,[P2MP] NowaPolandia,1094002
281,GREK7,[SORI] ВРЕДНЫЕ S119,1093916
282,Molodaya,[TSR2] TheShardofReality2 S119,1090463
283,Шира76,[ALIN] RUSalina,1081738
284,Thirdspace,[AZT] AntiZombieTeam,1079080
285,Mfsz81,[AZT] AntiZombieTeam,1073209
286,sesil34,[GDI] GolgDiggers,1071366
287,Nazz8888,[CHIL] ChillEmpire S119,1069979
288,Zhuravl,[OFF] OnlyForFans S119,1069150
289,Dedem34,[DOOM] Armageddon S119,1065828
290,Пчел,[Hhhh] Xpovos S119,1063768
291,Цезарь26,[Sold] Soldiers S119,1060423
292,Slickback,[P1MP]JU1CE,1053401
293,mrWh1te,[TSR2] TheShardofReality2 S119,1050157
294,Teamsneakeys,[OUTS] OUTSIDERS,1045972
295,Liberinn,[SKG] Horizon S119,1040191
296,toufik,[Bigg] Бароны,1034090
297,Adyyyyyy,[ARF2] БесячаяГвардия S119,1031593
298,KosValerievich,[Sold] Soldiers S119,1029813
299,Bobanana,[KRS] KRATOS,1022653
300,Paxxxxxiuนน,[OFF] OnlyForFans S119,1009580
301,Денис1623,[SKG] Horizon S119,1009483
302,Liptoo,[STLG] SteelLegion S119,1005697
303,BlackEgg,[HDG] HérosdeGuerre,1002698
304,M1kky,[HDG] HérosdeGuerre,998931
305,moskit,[Sold] Soldiers S119,992389
306,ооооомакарена,[DOOM] Armageddon S119,989526
307,SonyR,[SORI] ВРЕДНЫЕ S119,986869
308,--Beda--,[OFF] OnlyForFans S119,970188
309,AskaRafush,[ALIN] RUSalina,964026
310,Disorder762,[P1MP]JU1CE,962344
311,statusguo,[CHIL] ChillEmpire S119,958851
312,HAMMERS,[P1MP]JU1CE,954365
313,Tereh,[Hhhh] Xpovos S119,954235
314,nerfly,[STLG] SteelLegion S119,953970
315,ХОЛОДНЫЙ,[ARF2] БесячаяГвардия S119,953321
316,UnManco,[1Lr] resistencia,952600
317,Viktor11a,[Sold] Soldiers S119,949521
318,Pepjakin,[TSR2] TheShardofReality2 S119,947839
319,Hodjachij,[Bigg] Бароны,943761
320,Sěmargl,[OFF] OnlyForFans S119,937605
321,1Евгений,[GDI] GolgDiggers,935947
322,EveryOneF,[DOOM] Armageddon S119,932682
323,ильватан,[OFF] OnlyForFans S119,923557
324,Dastigator,[Bigg] Бароны,914770
325,Bossman2,[KRS] KRATOS,913618
326,Si4ka,[STLG] SteelLegion S119,900230
327,laggingPotato,[P1MP]JU1CE,898192
328,Тэто,[CHIL] ChillEmpire S119,897093
329,dredcat,[OFF] OnlyForFans S119,894115
330,MajsterJoe,[AZT] AntiZombieTeam,883517
331,Igel9780,[OFF] OnlyForFans S119,883185
332,Kalissandre,[HDG] HérosdeGuerre,882667
333,pobegaika,[Sold] Soldiers S119,879698
334,MõõnChild,[ALIN] RUSalina,876887
335,Синичка,[CHIL] ChillEmpire S119,869992
336,zoombie,[P2MP] NowaPolandia,861571
337,paulo5720,[KRS] KRATOS,858462
338,Mol4yn,[Sold] Soldiers S119,856471
339,LeRoiChameau,[KRS] KRATOS,856356
340,Drekamaor,[HDG] HérosdeGuerre,855229
341,Chmoshnik,[WIn] OnlyWin S119,851355
342,BАРВАР,[CLAV] ВОЙНЫ S119,850824
343,Agam0017,[P1MP]JU1CE,849981
344,ДЖЖИ,[CHIL] ChillEmpire S119,846582
345,ПалачБоб,[Hhhh] Xpovoç S119,842340
346,tonyk152,[GDI] GolgDiggers,837319
347,АптечниК,[cHIL] ChillEmpire S119,837240
348,지공이,[GDI] GolgDiggers,836733
349,L-first,[Bigg] Бароны,835919
350,GHOST,[TSR2] TheShardofReality2 S119,828498
351,KiSuLya,[CHIL] ChillEmpire S119,828380
352,Натали®,[ARF2] БесячаяГвардия S119,823625
353,JimmyNeutron,[SKG] Horizon S119,823317
354,Долаан,[TSR2] TheShardofReality2 S119,822975
355,Darrk,[Sold] Soldiers S119,820173
356,зануда92,[TSR2] TheShardofReality2 S119,818081
357,kyznetc,[ARF2] БесячаяГвардия S119,817270
358,Ma3afone,[GDI] GolgDiggers,814452
359,ㅕㅑㅐ,[AZT] AntiZombieTeam,813847
360,Commander2ifHkIV,[IVIN] Invincibililtaliani S119,808780
361,Aleksandr,[Sold] Soldiers S119,808047
362,teku4iov,[STLG] SteelLegion S119,801121
363,Shunter,[P1MP]JU1CE,797788
364,Staemmo,[P1MP]JU1CE,793033
365,ZombieKiller544,[AZT] AntiZombieTeam,789700
366,ZlayaFeya,[CHIL] ChillEmpire S119,788074
367,JamesSullivan,[OFF] OnlyForFans S119,787157
368,Термитиус,[cHIL] ChillEmpire S119,783406
369,FairyDust,[STLG] SteelLegion S119,782630
370,DarkTime66,[P1MP]JU1CE,781423
371,OOBASTEToO,[WIn] OnlyWin S119,780654
372,snaiperpool,[DOOM] Armageddon S119,780612
373,shrek7,[RTR] RETRO S119,780152
374,yellowBlueHeart,[DOOM] Armageddon S119,771048
375,BabeK,[TSR2] TheShardofReality2 S119,764024
376,Iforia,[TSR2] TheShardofReality2 S119,763957
377,SubjectToChange,[GDI] GolgDiggers,763322
378,Motorhed,[SKG] Horizon S119,761269
379,SveT,[STLG] SteelLegion S119,760674
380,Мявочка,[GDI] GolgDiggers,760511
381,andrew777,[DOOM] Armageddon S119,757854
382,Bahar0690,[HDG] HérosdeGuerre,756221
383,nenoo2,[STLG] SteelLegion S119,754826
384,We1s02,[GDI] GolgDiggers,752143
385,TonyLoco,[P2MP] NowaPolandia,752030
386,раин1,[WIn] OnlyWin S119,750704
387,E-Elka,[0G8b] AbyssTerritory S119,750260
388,Юрдос,[RTR] RETRO S119,741932
389,СамантаДецмон,[ARF2] БесячаяГвардия S119,740123
390,Viktor7777,[Bigg] Бароны,733430
391,Аммон,[CHIL] ChillEmpire S119,731334
392,SergoNovorossRus,[SKG] Horizon S119,731183
393,Purr,[KRS] KRATOS,727454
394,Ksuhaha,[OFF] OnlyForFans S119,726575
395,RostishkA142,[OFF] OnlyForFans S119,722482
396,Rhyzup,[P1MP]JU1CE,721714
397,Desmos,[ALIN] RUSalina,720735
398,Godfrya,[SKG] Horizon S119,718557
399,Бандит95,[DOOM] Armageddon S119,717725
400,BarDak777,[Bigg] Бароны,713018
401,Elizasnopchenko,[P1MP]JU1CE,713017
402,Скилл,[DOOM] Armageddon S119,707328
403,kvadratniy,[KRL] кристал S119,697471
404,Lenskyi,[GDI] GolgDiggers,692962
405,ПряНик,[GDI] GolgDiggers,692529
406,Котикобормотик,[CHIL] ChillEmpire S119,687590
407,Прим125,[Sold] Soldiers S119,685627
408,90V,[Hhhh] Xpovos S119,683387
409,PRIZRAK119,[DOOM] Armageddon S119,675698
410,Anu8is,[Hhhh] Xpovos S119,671959
411,Elena912912,[ARF2] БесячаяГвардия S119,671557
412,Drm,[RTR] RETRO S119,671101
413,Цунар,[CLAV] ВОЙНЫ S119,669089
414,Strond,[STLG] SteelLegion S119,660633
415,Cooper0212,[STLG] SteelLegion S119,656320
416,Solarveil,[Sold] Soldiers S119,656111
417,*DeaDoK*,[CLAV] ВОЙНЫ S119,654282
418,Obi12try,[WIn] OnlyWin S119,653597
419,Ралли2,[CHIL] ChillEmpire S119,645920
420,EvilGeniuS,[ARF2] БесячаяГвардия S119,644837
421,Androp22,[SSSE] Pensioners S119,644752
422,deadside,[G95] Grozny S119,639783
423,DubsV2,[AZT] AntiZombieTeam,639051
424,ERMAK161,[DOOM] Armageddon S119,638122
425,Бутрагенио,[Bigg] Бароны,633226
426,Adel716,[CHIL] ChillEmpire S119,632484
427,КАРАБАС,[TSR2] TheShardofReality2 S119,630443
428,Айлен,[SKG] Horizon S119,628405
429,Butter-san,[GDI] GolgDiggers,626721
430,Bsanya,[CHIL] ChillEmpire S119,625400
431,Серррый,[OFF] OnlyForFans S119,624778
432,KuZgun,[CHIL] ChillEmpire S119,624564
433,LizAlbertin,[GDI] GolgDiggers,620258
434,aLVLad,[OFF] OnlyForFans S119,619218
435,Peiro,[P2MP] NowaPolandia,617140
436,€MrBrown€,[CHIL] ChillEmpire S119,615013
437,АланСПК,[WIn] OnlyWin S119,612471
438,Armen126,[SORI] ВРЕДНЫЕ S119,612180
439,météor,[CHIL] ChillEmpire S119,609188
440,Taniern,[KRS] KRATOS,603262
441,Aki0,[Sold] Soldiers S119,595690
442,Rango46,[P2MP] NowaPolandia,595269
443,Derskay,[WIn] OnlyWin S119,594823
444,Rati,[DOOM] Armageddon S119,594560
445,Шмульке-,[CLAVI ВОЙНЫ S119,593616
446,Axuli,[HDG] HérosdeGuerre,590176
447,Skitz0,[P1MP]JU1CE,584844
448,WarDog00,[AZT] AntiZombieTeam,584392
449,OCETIN,[DOOM] Armageddon S119,582089
450,Biba...,[CHIL] ChillEmpire S119,581812
451,JustMeWondering,[AZT] AntiZombieTeam,581748
452,PhantomLord,[P1MP]JU1CE,579822
453,ИзяБластманн,[RTR] RETRO S119,575750
454,taynik,[SKG] Horizon S119,568698
455,vanzone,[AZT] AntiZombieTeam,568397
456,Orthega,[OUTS] OUTSIDERS,567514
457,Wacker,[P1MP]JU1CE,565850
458,sergeant94,[CHIL] ChillEmpire S119,555170
459,DemonKiller,[P1MP]JU1CE,554592
460,сиськивмеду,[Bigg] Бароны,553978
461,Мосинка,[OFF] OnlyForFans S119,552195
462,Wagnerrr,[TSR2] TheShardofReality2 S119,551156
463,Elmayo,[P1MP]JU1CE,550153
464,Badkill,[P2MP] NowaPolandia,548930
465,Fury73,[P2MP] NowaPolandia,540783
466,OkSaNa01,[TSR2] TheShardofReality2 S119,535852
467,Shacti,[STLG] SteelLegion S119,534883
468,열혈꿀벌,[GDI] GolgDiggers,533750
469,ИАртур,[SKG] Horizon S119,526094
470,SAMMY,[GDI] GolgDiggers,525023
471,Poorleno,[HDG] HérosdeGuerre,518758
472,kisel007,[Bigg] Бароны,514305
473,Михаил94₽,[CHIL] ChillEmpire S119,514252
474,ZadrotAli,[DOOM] Armageddon S119,512937
475,славный,[OFF] OnlyForFans S119,510132
476,RobboUK,[P2MP] NowaPolandia,509868
477,NM87-1,[OUTS] OUTSIDERS,507548
478,zolotko,[SSSE] Pensioners S119,506680
479,Киттикот,[SKG] Horizon S119,504884
480,1сталкер,[Hard] Revolt,499151
481,Ayazecrin,[Dick] КаолицияДалбаебизма S119,492603
482,Virtz,[HDG] HérosdeGuerre,489978
483,BsZ,[CHIL] ChillEmpire S119,486340
484,Mi11enium,[RTR] RETRO S119,482038
485,Virus,[CLAV] ВОЙНЫ S119,481916
486,PAPER,[0G8b] AbyssTerritory S119,479540
487,Lintark,[KRS] KRATOS,476586
488,ElkaD,[P2MP] NowaPolandia,475109
489,Никсонзомбоёб,[STLG] SteelLegion S119,468822
490,MissMari0506,[SSSE] Pensioners S119,465520
491,ДИМОН555,[DOOM] Armageddon S119,464680
492,PoMX,[WIn] OnlyWin S119,464518
493,Aleksanrus,[OFF] OnlyForFans S119,463298
494,Batakuda,[CHIL] ChillEmpire S119,462950
495,YuristKazan,[STLG] SteelLegion S119,462712
496,Михаалыч,[CHIL] ChillEmpire S119,457184
497,Lisa36,[TSR2] TheShardofReality2 S119,456417
498,Colluk,[TIOX] ПоХуисты,455478
499,Zealotam,[ALIN] RUSalina,453739
500,tropiccc,[ARF2] БесячаяГвардия S119,453729
501,Djeddak,[GDI] GolgDiggers,453564
502,Зордан,[SORI] ВРЕДНЫЕ S119,450906
503,Katundr,[ALIN] RUSalina,441684
504,Nemesice,[KRS] KRATOS,441618
505,Valll26,[GDI] GolgDiggers,438757
506,Ferein,[HDG] HérosdeGuerre,437738
507,КЫТЬ,[SKG] Horizon S119,435328
508,Flying168,[P2MP] NowaPolandia,434132
509,Stalingrados,[CHIL] ChillEmpire S119,433003
510,MiriaFwalk,[OFF] OnlyForFans S119,430509
511,Hugomugo,[GDI] GolgDiggers,429543
512,Svensen003,[DGe] DieGestrandeten,425634
513,ANDR,[STLG] SteelLegion S119,420330
514,comadenig,[WIn] OnlyWin S119,418694
515,ZiGGLar-Khan-28,[P2MP] NowaPolandia,416306
516,Rageroad,[Bigg] Бароны,416272
517,KaryLive,[P1MP]JU1CE,412967
518,Баратрум,[Sold] Soldiers S119,411042
519,就Jexa88过,[OFF] OnlyForFans S119,407248
520,Дмитрий125,[SORI] ВРЕДНЫЕ S119,403804
521,Армагеддончик,[SORI] ВРЕДНЫЕ S119,399608
522,IriskaGets,[DOOM] Armageddon S119,396435
523,Analbrutal,[P1MP]JU1CE,391783
524,VorDe87,[1919] Blackout S119,390525
525,Zaurbek07,[Bigg] Бароны,389913
526,Byrelom,[SORI] ВРЕДНЫЕ S119,389256
527,Jigga14,[DOOM] Armageddon S119,387674
528,Pyata4oK,[415] Воркута S119,387345
529,ArtIsk,[RTR] RETRO S119,386154
530,Dvoron,[0G8b] AbyssTerritory S119,383013
531,БернардПиньятели,[WIn] OnlyWin S119,380920
532,Icandoit1000,[UTS] upthescore,380713
533,Bad®Boy,[P1MP]JU1CE,380696
534,Baiok,[WIn] OnlyWin S119,380059
535,BorisShade,[WIn] OnlyWin S119,378949
536,HAIIPOJIOM,[OFF] OnlyForFans S119,375252
537,Igorekvvv,[G95] Grozny S119,374700
538,NickiV,[P1MP]JU1CE,372868
539,Ewgeni,[139] супердержава S119,372400
540,Чувашин35,[ARF2] БесячаяГвардия S119,371677
541,Stifler51,[KRS] KRATOS,365812
542,Niki -,[CHIL] ChillEmpire S119,363764
543,лЯмЗ,[KRL] кристал S119,363059
544,Anamorphose,[HDG] HérosdeGuerre,356707
545,Austen,[P2MP] NowaPolandia,351706
546,Graf1991az,[HLCZ] HellsCrazy S119,350000
547,EL8,[RTR] RETRO S119,348828
548,MaqViz,[WIn] OnlyWin S119,346705
549,ОТЛИЛ,[WIn] OnlyWin S119,344875
550,아케론,[GDI] GolgDiggers,343303
551,Voltz,[GDI] GolgDiggers,341492
552,LokoFeN,[P2MP] NowaPolandia,339046
553,андиго,[Bigg] Бароны,338919
554,NoorNureke,[ALIN] RUSalina,338326
555,어쩔TV,[AZT] AntiZombieTeam,338293
556,йосикоСудзыко,[WIn] OnlyWin S119,337548
557,ANGELIKA,[CHIL] ChillEmpire S119,332794
558,балобол,[WIn] OnlyWin S119,331548
559,ast29,[ARF2] БесячаяГвардия S119,331504
560,kingston-b,[OUTS] OUTSIDERS,325870
561,pojiratel888,[ARF2] БесячаяГвардия S119,323014
562,Alexs36021984,[OFF] OnlyForFans S119,321106
563,FerylWeaver,[P1MP]JU1CE,320956
564,Arpz,[AZT] AntiZombieTeam,318483
565,PysLaN,[RTR] RETRO S119,313196
566,alikebab,[KRS] KRATOS,310014
567,Staria,[OBS] ZeroBullsht S113,305590
568,АрниМАХНО,[WIn] OnlyWin S119,303752
569,EkaterinaGor,[SKG] Horizon S119,295086
570,Hunter123,[HDG] HérosdeGuerre,293284
571,56ОДШБр,[ARF2] БесячаяГвардия S119,290750
572,Кáйман,[RTR] RETRO S119,290656
573,Commander2fhY2Q5,[GZS] GermanZombieSquad,290494
574,BetterAskRille,[OBS] ZeroBullsht S113,287439
575,Emptying,[Bas] BASIS S119,286972
576,Zeero54,[CHIL] ChillEmpire S119,285516
577,Calendula,[OFF] OnlyForFans S119,281313
578,DiiS,[xDX] IronSovereigon S119,279949
579,Earthmudo,[QMA] QUEMIRABOBO,279340
580,Swampfox,[OBS] ZeroBullsht S113,275562
581,PierreRichard,[DOOM] Armageddon S119,271577
582,Zut-et-Zut,[HDG] HérosdeGuerre,270782
583,White43,[CHIL] ChillEmpire S119,270047
584,hiroash240,[AZT] AntiZombieTeam,269674
585,Eternal2019,[TSR2] TheShardofReality2 S119,267363
586,Commander2fefrcp,[FRO] FrosDomain,267352
587,ЕвгенийАфоня,[OFF] OnlyForFans S119,264947
588,Waseem321,[AZT] AntiZombieTeam,260670
589,Doberman1984,[AZT] AntiZombieTeam,260429
590,DODE,[WIn] OnlyWin S119,259544
591,1370zero,[SpSS] AusSpass,257989
592,Просак,[STLG] SteelLegion S119,254672
593,VictorDoria,[OBS] ZeroBullsht S113,252272
594,МІТЗМАХ,[BNN] Banana S119,250996
595,ddingdongbel,[P2MP] NowaPolandia,250701
596,•Kris•,[CLAV] ВОЙНЫ S119,250550
597,SoldatRM,[KRS] KRATOS,249011
598,Skorp28rus,[ALIN] RUSalina,248720
599,Commander2emnbZr,[QhiX] TürklerGeliyor,248719
600,t1270,[SpSS] AusSpass,248633
601,Ahmet56,[STLG] SteelLegion S119,248336
602,ден1606,[SKG] Horizon S119,246878
603,김아무개,[Gogo] 저랑고고하실분,246536
604,Aleks06,[0G8b] AbyssTerritory S119,244600
605,Zaxar161,[WIn] OnlyWin S119,243229
606,оптика,TSKG] Horizon S119,237488
607,Lessotz99,[Ktq] TheGoats,237383
608,Dropbear007,[VBD] VBDRFABA,237272
609,ToneV,[AZT] AntiZombieTeam,237080
610,ТанкТ10М,[CHIL] ChillEmpire S119,230704
611,Сея,[TSR2] TheShardofReality2 S119,228142
612,karachan,[AmG] Аксель S119,228027
613,Викун,[Sold] Soldiers S119,226059
614,psbo,[RTR] RETRO S119,225006
615,Dinusik,[Bigg] Бароны,220864
616,Bedmochka,[WIn] OnlyWin S119,220743
617,den48,[ALIN] RUSalina,217832
618,AlexPiterPro,[CHIL] ChillEmpire S119,214511
619,Chihuanihua,[STLG] SteelLegion S119,214374
620,bankaiichigo,[HDG] HérosdeGuerre,213800
621,Skm888,[OBS] ZeroBullsht S113,211805
622,Aylinn,[Bigg] Бароны,211201
623,Tatusya,[OFF] OnlyForFans S119,205396
624,Элронд,[TSR2] TheShardofReality2 S119,204402
625,Kittanna,[P2MP] NowaPolandia,204244
626,MatveiSnaps,[WIn] OnlyWin S119,203527
627,Велосипед,[SKG] Horizon S119,202872
628,SKIBIDI,[SHE] ShadowLover,202390
629,ПффффФ,[ARF2] БесячаяГвардия S119,201568
630,Klio,[OFF] OnlyForFans S119,199189
631,*Rybsas*,[CLAV] ВОЙНЫ S119,198415
632,PitipiwpiwWiwWiw,[ARF2] БесячаяГвардия S119,198000
633,Baslo,[ARF2] БесячаяГвардия S119,196506
634,OhGodYes,[SHE] ShadowLover,196305
635,kilmoger,[Bigg] Бароны,192416
636,smitovsk,[OFF] OnlyForFans S119,191961
637,Спасибыч,[TSR2] TheShardofReality2 S119,190976
638,-YourBunnyWrote-,[Sold] Soldiers S119,190487
639,AlsuTatarstan,[SKG] Horizon S119,188980
640,DavidAames,[HDG] HérosdeGuerre,187252
641,xNhicksx,[OBS] ZeroBullsht S113,186937
642,ФСЕРЁГАФ,[ARF2] БесячаяГвардия S119,186000
643,poff,[KGH] KNGTH,185792
644,Sp3d86,[WIn] OnlyWin S119,183375
645,BJG1684,[SHE] ShadowLover,182221
646,serg7777,[WIn] OnlyWin S119,182123
647,PlzGavinMyKenna,[P2MP] NowaPolandia,181332
648,Сашок67,[CLAV] ВОЙНЫ- S119,178020
649,MoonWalkers,[AZT] AntiZombieTeam,176720
650,Khmel,[Hhhh] Xpovos S119,175850
651,Dogan-32,[KGLN] KillingLegion,173940
652,GrandmaFrog,[P1MP]JU1CE,173905
653,cuckold1983,[WIn] OnlyWin S119,173358
654,Jalae,[P2MP] NowaPolandia,171552
655,Кохыч,[ARF2] БесячаяГвардия S119,169588
656,Эльфёнок,[SSSE] Pensioners S119,169189
657,штурмZ,[SSSE] Pensioners S119,169000
658,TIGR23RU,[TSR2] TheShardofReality2 S119,160132
659,KaterinaMur,[Sold] Soldiers S119,159165
660,Pipocashisha,[P1MP]JU1CE,157488
661,Mazzz28,[SSSE] Pensioners S119,155144
662,Пастырь2,[GDI] GolgDiggers,153690
663,LaViking,[HDG] HérosdeGuerre,152422
664,Commander2fIci4R,[TLC] ThalassaCoven,152340
665,OleChka,[WIn] OnlyWin S119,151477
666,KlykOFFka,[0G8b] AbyssTerritory S119,150880
667,трахмашина,[TSR2] TheShardofReality2 S119,150770
668,СынПелея,[STLG] SteelLegion S119,150502
669,Icemansven,[GZS] GermanZombieSquad,150012
670,MOmaro,[KGH] KNGTH,148933
671,Bilette83,[HDG] HérosdeGuerre,147926
672,Umar125962494069,[uakl] uukkl,147644
673,Tverskoy,[CHIL] ChillEmpire S119,145725
674,Мегахит,[Bigg] Бароны,145002
675,Лисаж,[SSSE] Pensioners S119,142468
676,Юйка,[RTR] RETRO S119,141000
677,SandraSh1,[RD2] RD2RUST S119,141000
678,Mortallus,[OBS] ZeroBullsht S113,140083
679,Jenneres,[SpSS] AusSpass,139628
680,Армянка,[SSSE] Pensioners S119,137293
681,Commander2dTOxWB,[LOD2] Legionofdoom,136697
682,comm7,[GDI] GolgDiggers,136679
683,Екибас,[SMR] Самара163,135328
684,Satchmo,[VBD] VBDRFABA,131428
685,Ozzymandias,[KRS] KRATOS,130084
686,Drazic,[HDG] HérosdeGuerre,129826
687,Gribbs,[TLC] ThalassaCoven,129739
688,Juan29362,[HDG] HérosdeGuerre,127398
689,lordrodd67,[Kila] micrib,126220
690,Nimisida,[Hard] Revolt,125900
691,уби10,[SKG] Horizon S119,124617
692,Fikcik,[Sold] Soldiers S119,124000
693,3xxx,[SSSE] Pensioners S119,124000
694,Jer2026,[P2MP] NowaPolandia,123862
695,*rente*,[OBS] ZeroBullsht S113,122755
696,Valldemar2026,[CHIL] ChillEmpire S119,120149
697,rbk2009,[OUTS] OUTSIDERS,120095
698,HillerKr,[SSSE] Pensioners S119,119384
699,fLinT,[HPRN] ГИПЕРИОН S119,114856
700,Олоо,[Sold] Soldiers S119,113576
701,док777,[WIn] OnlyWin S119,113000
702,DeathReapers,[P1MP]JU1CE,111559
703,Commander2frXneZ,[LOD2] Legionofdoom,110682
704,Commander2e4FuSN,[UOU] Пендосы,109785
705,taij,[XAT] EUROMONEY,108786
706,Commander2fb71CB,[KGH] KNGTH,107106
707,Скабарь,[CHIL] ChillEmpire S119,107000
708,Николайв,[Rog] РогаиКопыта007 S119,107000
709,babarica,[SpSS] AusSpass,106635
710,MAGz,[TIOX] ПоХуисты,106043
711,WFENIXWV,[OFF] OnlyForFans S119,106000
712,Torro75,[ovo] Fatebound,102482
713,ерта,[KRL] кристал S119,101848
714,Commander2dpW5QF,[piiu] yhyfjukus,99955
715,Commander2fwCf7n,[WZTX] KingThe,99554
716,arnold1202,[HDG] HérosdeGuerre,99092
717,chlef,[DGe] DieGestrandeten,98749
718,LaylaBee,[P1MP]JU1CE,97210
719,Arkiic,[OBS] ZeroBullsht S113,96099
720,Lordakmal07,[ARF2] БесячаяГвардия S119,96000
721,Анютка8823,[SSSE] Pensioners S119,96000
722,Commander2eBZkVL,[1Lr] resistencia,94557
723,JoesCastle,[AZT] AntiZombieTeam,93637
724,мырат,[TIOX] ПоХуисты,92679
725,Bender101,[TSR2] TheShardofReality2 S119,92613
726,Wolodia,[SMR] Самара163,92587
727,Kkkxx,[HDG] HérosdeGuerre,92274
728,Commander2eF1DaB,[Coe] Albertofg,91882
729,Vstyle,[CLAV] ВОЙНЫ- S119,90828
730,miller08,[HDG] HérosdeGuerre,90695
731,Mat2ei,[CHIL] ChillEmpire S119,85349
732,Bigblock888,[LzB] LetzteBastion,82327
733,Commander2dOFg21,[UTS] upthescore,82282
734,Бешенный-Котяра,[TSR2] TheShardofReality2 S119,82145
735,bruno74,[KRS] KRATOS,81634
736,Honeyamber,[AZT] AntiZombieTeam,79550
737,Commander2dwky6V,[CTA] centinelas,79206
738,IOWNYOU,[OBS] ZeroBullsht S113,79000
739,Yula-Yula,[SORI] ВРЕДНЫЕ S119,77872
740,-av,[CLAV] ВОЙНЫ S119,77548
741,KaraKurt34,[SORI] ВРЕДНЫЕ S119,76568
742,Marin85,[Bigg] Бароны,75871
743,Commander2eXpmD3,[LzB] LetzteBastion,75839
744,Валёк94,[SKG] Horizon S119,74704
745,Джоник89,[RTR] RETRO S119,74536
746,ДМБ2018,[SKG] Horizon S119,74516
747,Мика789,[715] team715 S114,73500
748,Commander2fpv297,[TIMI] ASDFG,72882
749,GAVROSH0969,[TSR2] TheShardofReality2 S119,72108
750,Павлик1992,[SKG] Horizon S119,71588
751,NightLizard,[GDI] GolgDiggers,71192
752,Emolnstability,[OBS] ZeroBullsht S113,70000
753,МСБ2026,[KRL] кристал S119,70000
754,Parovoz9,[WIn] OnlyWin S119,69564
755,RjGray,[ARF2] БесячаяГвардия S119,68000
756,Druid80,[715] team715 S114,68000
757,Физрук56,[715] team715 S114,68000
758,Feriizw,[WIn] OnlyWin S119,67233
759,kizo,[SHE] ShadowLover,66380
760,ПокеРОк,[715] team715 S114,62500
761,Sigrun,[P2MP] NowaPolandia,61430
762,Rotha,[P2MP] NowaPolandia,61200
763,moser,[KRS] KRATOS,60610
764,GATI,[GDI] GolgDiggers,60492
765,Phayde,[OBS] ZeroBullsht S113,58431
766,UZBEKISTAN26,[Bigg] Бароны,58142
767,mountaineer,[AZT] AntiZombieTeam,56880
768,BUDWEEK,[SKG] Horizon S119,55628
769,Tyronekiller,[P2MP] NowaPolandia,53036
770,Xalava,[SKG] Horizon S119,52972
771,ryzhov3005,[WIn] OnlyWin S119,52022
772,Gonsalles,[SKG] Horizon S119,51948
773,Буки,[WIn] OnlyWin S119,51438
774,JILIN,[CHIL] ChillEmpire S119,50055
775,TSITS8VIK,[Bas] BASIS S119,49575
776,Shtat,[ARF2] БесячаяГвардия S119,48044
777,Scár,[OBS] ZeroBullsht S113,46596
778,TristanBorm,[OFF] OnlyForFans S119,46260
779,LeChU,[P2MP] NowaPolandia,44735
780,Margosha89,[WIn] OnlyWin S119,42068
781,Commander2evQ8SN,[ERT] ERTTT,41505
782,bloodtaxicab,[HDG] HérosdeGuerre,40503
783,Alligatorjack,[OBS] ZeroBullsht S113,38474
784,RedSectorA,[P2MP] NowaPolandia,38302
785,EzhikR,[GDI] GolgDiggers,38000
786,commanderveerla,[7DS] Se7enDeàdlySinsR,38000
787,ivand,[SKG] Horizon S119,37916
788,DeadlyMonkey,[OBS] ZeroBullsht S113,34680
789,Sochinec,[BNN] Banana S119,34000
790,санто,[Dick] КаолицияДалбаебизма S119,34000
791,ANGELL,[HDG] HérosdeGuerre,33903
792,3lata,[Bigg] Бароны,33770
793,Den-is,[Bigg] Бароны,33010
794,Bacardiloco,[HDG] HérosdeGuerre,32952
795,tA•Nascentt,[GDI] GolgDiggers,32360
796,DefStar,[SHE] ShadowLover,31561
797,Aryaprj,[Bigg] Бароны,31255
798,heleyde,[KRS] KRATOS,31090
799,Elbosco,[KRS] KRATOS,31054
800,jjlopes,[FBL3] DVDVDVDC,30400
801,Максим1986,[Sold] Soldiers S119,30189
802,Kaique05,[Cmds] Comandantes,29725
803,Suzanna669,[715] team715 S114,28500
804,HAqP,[SKG] Horizon S119,28440
805,erric,[OBS] ZeroBullsht S113,25396
806,Славкерус,[SKG] Horizon S119,25090
807,MrPoopypants,[OBS] ZeroBullsht S113,23981
808,Louïc,[KRS] KRATOS,23151
809,SkoRp,[SSSE] Pensioners S119,22500
810,Dawa78,[pART] PartizanGrobari,21496
811,Commander2dUGMQd,[Brav] Bravobr,21034
812,MxBlade,[OBS] ZeroBullsht S113,20877
813,LyansDaskans,[DSM] DarkStorm,20000
814,Murat21,[HDG] HérosdeGuerre,19000
815,34savages,[P2MP] NowaPolandia,18347
816,марокко,[SSSE] Pensioners S119,17000
817,Sergiu85,[WoLF] WorldLiberationFront S115,17000
818,Smolechka,[715] team715 S114,17000
819,kimbongnam,[AZT] AntiZombieTeam,16829
820,DuôNuC,[HDG] HérosdeGuerre,15585
821,Gabidi,[AmG] Аксель S119,15500
822,잘하는데Adept,[AZT] AntiZombieTeam,14317
823,XFactor,[GDI] GolgDiggers,14230
824,thebiggestloser,[DSM] DarkStorm,13800
825,LEGAZION,[1Lr] resistencia,13177
826,damiebang,[UTS] upthescore,12934
827,Ука,[GDI] GolgDiggers,11934
828,Virtuozzz,[CLAV] ВОЙНЫ S119,11652
829,Elchorizo,[OUTS] OUTSIDERS,11008
830,chulasinh,[1Lr] resistencia,10039
831,максим777,[SKG] Horizon S119,10000
832,Юлька-Пулька,[715] team715 S114,9500
833,Kiwihaka,[HDG] HérosdeGuerre,8864
834,Baronelli,[SHE] ShadowLover,8499
835,EEE123,[GDI] GolgDiggers,8096
836,NCC-1701,[P2MP] NowaPolandia,7074
837,toyyy,[1Lr] resistencia,6449
838,NANY,[P2MP] NowaPolandia,6280
839,Commander2eyPILr,[CK1] Crypt1cKnights,6096
840,Commander2eCC4Hb,[LOD2] Legionofdoom,6048
841,rosx,[VBD] VBDRFABA,5960
842,zweedjr,[LOD2] Legionofdoom,5940
843,kane09,[AZT] AntiZombieTeam,5598
844,VictorY,[BCB] BADCOMPANYBRIGADE,5342
845,Dan-RO,[KGH] KNGTH,5172
846,CommanderQniLee,,5080
847,Errol2086,[Azt2] USAKKAA,4719
848,EDHILCOY,[AZT] AntiZombieTeam,4500
849,Namfonn,[KGLN] KillingLegion,4416
850,2hIgH2cArE,[P1MP]JU1CE,4392
851,Commander2f6Syrj,[Tr1] TürkBirliğı,4374
852,BEREJO,[P2MP] NowaPolandia,4357
853,Commander2e2L7kp,[GZS] GermanZombieSquad,4338
854,Commander2fyM5FP,[TIMI] ASDFG,4305
855,Cocolokko,[TBMM] Teşkilat,4291
856,дддимитриии,[Bigg] Бароны,4203
857,G80,[BCB] BADCOMPANYBRIGADE,4174
858,KaiisGoso,[LzB] LetzteBastion,3840
859,eduartks,[1Lr] resistencia,3734
860,NellieMoon,[AZT] AntiZombieTeam,3709
861,Commander2dQurMV,[3612] Легенда007,3704
862,Ecamir,[7DS] Se7enDeàdlySins,3492
863,Commander2fr2Y5f,[VBD] VBDRFABA,3474
864,StefanDe,[DGe] DieGestrandeten,3398
865,Zztopzz,[AZT] AntiZombieTeam,3379
866,nicolas06590,[KRS2] KRATOS2,3328
867,RobiU,[P2MP] NowaPolandia,3312
868,Commander2fXSsmh,[SMR] Самара163,3296
869,NotTheMessiah,[CK1] Crypt1cKnights,3067
870,Commander2ephXw1,[CTA] centinelas,2989
871,Commander2f18|19,[VBD] VBDRFABA,2960
872,BuzzLightyear,[RD11] RisingDominion,2912
873,Commander2ejxCgl,[GZS] GermanZombieSquad,2904
874,Commander2eRzVYh,[GZS] GermanZombieSquad,2832
875,BullSh1te,[LzB] LetzteBastion,2784
876,FnxL,[Cmds] Comandantes,2710
877,Johnnny5,[AADC] Tranquilityprevails,2664
878,Hoshino,[QCK] QUICKREACTIONFORCE,2604
879,Commander2etXrKJ,[ERT] ERTTT,2552
880,slyd2,[TIMI] ASDFG,2496
881,Malisch08,[DGe] DieGestrandeten,2475
882,Commander2eNTwIR,[CPU] CPUUUU,2456
883,JohnConnorNr1,[LzB] LetzteBastion,2436
884,Demagorgon,[VBD] VBDRFABA,2416
885,Ugadawgs,[SHE] ShadowLover,2403
886,ffffddd4333,[7DS] Se7enDeàdlySins,2392
887,MarcuzG,[ERT] ERTTT,2390
888,Penguin3001,[AZT] AntiZombieTeam,2369
889,Commander2e0XGg5,[R111] R11111,2349
890,Zyson,[GeR] Germanyf2P S113,2345
891,Lordana,[P2MP] NowaPolandia,2304
892,Jprim,,2216
893,TR13,[AZT] AntiZombieTeam,2162
894,oribori,[DGe] DieGestrandeten,2142
895,warrior97,[LzB] LetzteBastion,2095
896,Commander2eE2KY5,[piiu] yhyfjukus,2080
897,MinGun,[AZT] AntiZombieTeam,2032
898,Commander2eMyhal,[TIMI] ASDFG,2016
899,Claudio0033,[D2D] DeadEndDynasty,1995
900,Bolder867,[BCB] BADCOMPANYBRIGADE,1984
901,Commander2fS20UJ,[WZTX] KingThe,1976
902,ShooShoo,[NNU] TheSun,1972
903,Commander2ezanyZ,[2kk] afwff,1946
904,chentaren,[FRO] FrosDomain,1944
905,Wallace1999,UQK]JOKKK,1912
906,Ramon87,[Azt2] USAKKAA,1898
907,Commander2fCTrIp,[VBD] VBDRFABA,1822
908,vivianmary,[GDI] GolgDiggers,1795
909,Solto,[Tr1] TürkBirliğı,1792
910,Commander2e6zUzj,[ERT] ERTTT,1768
911,TeoChino,[D2D] DeadEndDynasty,1720
912,B1Prime,[SHE] ShadowLover,1719
913,Commander2fTVKXH,[FBL3] DVDVDVDC,1692
914,Commander2fXx401,[hel] helloo,1680
915,Fumyshe,[TopU] UkraineWillWin,1680
916,RobsonSilva,UJQK] JQKKK,1664
917,vintagemean,[VBD] VBDRFABA,1632
918,Commander2dy9WEB,[uakl] uukkl,1593
919,Commander2fDKTB3,[DSM] DarkStorm,1576
920,Darryl66,[VBD] VBDRFABA,1568
921,moneyhungry360,[KGLN] KillingLegion,1520
922,dddddddiskodave,[SpSS] AusSpass,1502
923,Commander2fTbASp,[Azt2] USAKKAA,1482
924,Commander2eBxby5,[VBD] VBDRFABA,1478
925,Neverla5t,[SHE] ShadowLover,1475
926,Commander2eKbtbf,[FGTH] FunnyGTH,1470
927,CommandoSanchez,[SHE] ShadowLover,1459
928,Commander2dBh9DT,[KGLN] KillingLegion,1456
929,Tum1225,[FGTH] FunnyGTH,1404
930,Commander2eoVvTL,[D2D] DeadEndDynasty,1384
931,Commander2dEGP2t,[CTA] centinelas,1336
932,priv8,[P1MP]JU1CE,1326
933,Holybone,[7DS] Se7enDeàdlySins,1323
934,oralgusa,[piiu] yhyfjukus,1320
935,Eljotaerre,[FBL3] DVDVDVDC,1314
936,sawbridge,[AADC] Tranquilityprevails,1302
937,Commander2dl3bQF,[Tr1] TürkBirliğı,1267
938,Commander2e6Lqux,[3612] Легенда007,1248
939,killerkraken,[1Lr] resistencia,1227
940,Leech205,[AADC] Tranquilityprevails,1184
941,MasteRS,[TІOX] ПоХуисты,1184
942,LukeSage,[CPU] CPUUUU,1160
943,chanito12,[1Lr] resistencia,1152
944,PiggysPops,[BCB] BADCOMPANYBRIGADE,1120
945,Viningaxxx,[HMK] HispaniaMagna,1112
946,HeRa,[1Lr] resistencia,1104
947,Commander2fK4r6R,[TBS2] Tabacuddos,1066
948,Nikolai2312,[1BiR] XOXOX,1057
949,csf,[D2D] DeadEndDynasty,1056
950,Commander2fXArEF,[SHE] ShadowLover,1046
951,Casta,[KRS] KRATOS,1026
952,raiplay,[1Lr] resistencia,1024
953,Ulukbek,[HEII] DarkAl,1024
954,Commander2dvVyN7,[KRS2] KRATOS2,1024
955,Luc-hurte,[D2D] DeadEndDynasty,1024
956,TheGoat34,[DSM] DarkStorm,1016
957,Hana2094,[7DS] Se7enDeàdlySins,1008
958,小,[Azt2] USAKKAA,1008
959,Ktown,[AZT] AntiZombieTeam,1000
960,Donivan37,[hel] helloo,984
961,Commander2eQV44R,[CPU] CPUUUU,981
962,Wankers,[ERT] ERTTT,976
963,IamB,[1Lr] resistencia,972
964,Commander2e7rkjP,[TBS2] Tabacuddos,960
965,Commander2fj6633,[aWLO] 111AB,952
966,AnalHunter,[BCB] BADCOMPANYBRIGADE,944
967,Interloper,[hel] helloo,928
968,gdgghh,[TIOX] ПоХуисты,909
969,romu70,[TIMI] ASDFG,909
970,Laulau42,[VFD] VFDAHREA,906
971,Commander2dyy2z3,[Sp3r] Sparta2026,893
972,Commander2eUqZkV,[Tr1] TürkBirliğı,875
973,Commander2eVILW5,[Ktq] TheGoats,856
974,ravanan,[mvEp] Viva4ever,840
975,ARYS,[GZS] GermanZombieSquad,840
976,Commander2fQJszj,[mvEp] Viva4ever,824
977,kanrenao,,812
978,Rebourne,[LzB] LetzteBastion,808
979,Critto,[DRKT] DarkKnightS,808
980,Commander2eiQVq5,[SMY] SileentMajority,800
981,Commander2fgaSON,[Azt2] USAKKAA,796
982,Nicogirondins,[TIMI] ASDFG,795
983,Akesha,[1Lr] resistencia,792
984,8877788,[Brav] Bravobr,791
985,CAZT,[FBL3] DVDVDVDC,756
986,RoberTfire,[1Lr] resistencia,752
987,Commander2fSxvZX,[3612] Легенда007,744
988,Commander2ehFKhn,[AADC] Tranquilityprevails,729
989,исфан,[3612] Легенда007,721
990,Commander2e9QZbD,[KGLN] KillingLegion,720
991,TRIXY,[AZT] AntiZombieTeam,712
992,bestindaplace,[SMY] SileentMajority,712
993,SirStudly,[SMY] SileentMajority,696
994,Commander2ead3mt,[ZRS] ZRlastwar,688
995,Commander2dx7LRH,[CPU] CPUUUU,680
996,Commander2eChhn7,[AADC] Tranquilityprevails,680
997,AllPersson,[Bigg] Бароны,672
998,Samuraijack,[Cmds] Comandantes,664
999,Hoocheman,[VBD] VBDRFABA,658
1000,Commander08,[GZS] GermanZombieSquad,647
1001,reyi,[SHE] ShadowLover,642
1002,Commander2eXj6Lz,[Wir] WölfeOdins,632
1003,FrZr,[AZT] AntiZombieTeam,623
1004,nikki0907,[7DS] Se7enDeàdlySins,621
1005,Kidding,[UTS] upthescore,616
1006,PJA75,[KRS] KRATOS,612
1007,Jjsilvac,[LzB] LetzteBastion,612
1008,Commander2edulcZ,[TLC] ThalassaCoven,612
1009,Soven-M,[SHE] ShadowLover,606
1010,Commander2fGZuM5,[TIMI] ASDFG,586
1011,Commander2eMztKR,Df] 아무이름이나붙이기,585
1012,Nicocrrz,[1Lr] resistencia,584
1013,Commander2eqSgv3,[TIMI] ASDFG,576
1014,TheWitcherCH,[LzB] LetzteBastion,566
1015,Commander2enP2IJ,[Ktq] TheGoats,556
1016,Commander2dM2kyp,[7DS] Se7enDeàdlySins,544
1017,VMG,[piiu] yhyfjukus,544
1018,Commander2e4YOzj,[LzB] LetzteBastion,544
1019,Kazakh888,,522
1020,Commander2euL7db,[SEE] SunEatingEagle,510
1021,Commander2dYOEQJ,[Cmds] Comandantes,504
1022,Commander2dQ2Z1P,[HEII] DarkAl,504
1023,cornball,[DSM] DarkStorm,504
1024,esilam,[LzB] LetzteBastion,496
1025,AndRe,[GDI] GolgDiggers,495
1026,ASIFO1,[GDI] GolgDiggers,488
1027,Andrade1969,[BCB] BADCOMPANYBRIGADE,488
1028,Niella,[QCKJ QUICKREACTIONFORCE,483
1029,CRITTER,[KRS2] KRATOS2,468
1030,Misha2026,[Bigg] Бароны,464
1031,Gamley,[SMR] Самара163,464
1032,Norjo,,462
1033,Commander2fuPNQN,[SMR] Самара163,462
1034,City73,,448
1035,Mxtxeus,,448
1036,H-Dizzle,[uakl] uukkl,448
1037,ROOSTER22,[WZTX] KingThe,441
1038,RunDownjay,[LOD2] Legionofdoom,441
1039,ELCHO,[ERT] ERTTT,440
1040,CommanderAnya,[MMMC] Mdodmcj,428
1041,slava111,[TІOX] ПоХуисты,426
1042,EtherealSaint,[COG] Archersoflacross,424
1043,Commander2fzp6uh,[D2D] DeadEndDynasty,424
1044,Meem,[COG] Archersoflacross,416
1045,Commander2fUxkgJ,[hel] helloo,416
1046,JUJISHO,[OUTS] OUTSIDERS,408
1047,C3MU5,[KRS2] KRATOS2,408
1048,€kongsing,[Cmds] Comandantes,404
1049,Yandel92,[1Lr] resistencia,400
1050,MikeSpb,,400
1051,DrifterFF66,[P2MP] NowaPolandia,398
1052,Commander2f4bmHH,[hel] helloo,396
1053,Dee9,[DWD] DryWell,396
1054,Esrell,[GZS] GermanZombieSquad,387
1055,Namezida,[GDI] GolgDiggers,380
1056,Mrblueballz683,[LzB] LetzteBastion,369
1057,MasBahlilGanteng,[AADC] Tranquilityprevails,368
1058,FantasticFox,[KGLN] KillingLegion,364
1059,Commander2dDwHXL,,364
1060,Flavio2,[190] CandyClub,360
1061,Commander2dDOy0J,[mvEp] Viva4ever,357
1062,Commander2fISOTr,,356
1063,Commander2e5NXFj,[Cmds] Comandantes,352
1064,Commander2dCir1r,[FRO] FrosDomain,344
1065,Commander2fqxw7b,,344
1066,chrysoni,[uakl] uukkl,344
1067,gonzalez22r,[1Lr] resistencia,343
1068,Commander2fhYwFT,[ovo] Fatebound,342
1069,Commander2eEuuMd,[LOD2] Legionofdoom,342
1070,максим1234,[PYZE] PYZDA,328
1071,YUTAOKKOTSU,[LzB] LetzteBastion,328
1072,Commander2fBqJHT,,328
1073,mrViktor,[3612] Легенда007,327
1074,DidierD,,324
1075,Commander2e5KjLD,[Coe] Albertofg,322
1076,Commander2fBbtuB,[CTA] centinelas,320
1077,Norette,[AADC] Tranquilityprevails,315
1078,Ashu177,[uakl] uukkl,312
1079,Commander2fSDLRr,[Sp3r] Sparta2026,304
1080,MSG-Rev,[SMY] SileentMajority,304
1081,МАКАРОZ,[MMMC] Mdodmcj,297
1082,flo31,[TIMI] ASDFG,296
1083,JёriїiÜÉy,[BYQ] USASKK,296
1084,Ницша,[GZS] GermanZombieSquad,296
1085,Commander2fItneZ,[uakl] uukkl,288
1086,KKOY,[FGTH] FunnyGTH,288
1087,ItssTurner,[ues] SUAUUUUUUK,288
1088,GOATGANG,[KGLN] KillingLegion,288
1089,Commander2dud6jv,[SiN1] Genocide,286
1090,Commander2fcE21f,[SpSS] AusSpass,280
1091,TECLA,[ERT] ERTTT,272
1092,Chrischi,[GZS] GermanZombieSquad,270
1093,Chowda,,264
1094,JeroxM,[XAT] EUROMONEY,264
1095,Commander2erCJLv,[A12] AmericanFamily,263
1096,Commander2eUrgnX,[TIOX] ПоХуисты,262
1097,Mc1301,[DSM] DarkStorm,261
1098,Slingers,,259
1099,Watergate,[1Lr] resistencia,256
1100,Commander2drcYKN,[Sp3r] Sparta2026,256
1101,Commander2fKROnb,[usv] USAUUUUUUUUKU,256
1102,Jdubbs,[VBD] VBDRFABA,248
1103,Trickzor,[AZT] AntiZombieTeam,243
1104,Commander2en8q8,[VBD] VBDRFABA,240
1105,MAG1,[HDG] HérosdeGuerre,240
1106,PHILLYG,[UTS] upthescore,240
1107,КаТЯ,[ALIN] RUSalina,232
1108,ivys,[AZT] AntiZombieTeam,232
1109,Desper,[SMR] Самара163,225
1110,Commander2eaWfM9,[LOD2] Legionofdoom,225
1111,Commander2dLRc4B,[Cmds] Comandantes,224
1112,Commander2flj8Nv,[SHE] ShadowLover,218
1113,Commander2exZn4V,[FRO] FrosDomain,216
1114,MAZINGER,[SHE] ShadowLover,216
1115,Commander2eB0kcj,[TopU] UkraineWillWin,216
1116,Noxxxxxxx,[Aria] ariaetsescompagon,216
1117,Ruderat,[XAT] EUROMONEY,210
1118,slowie,[AZT] AntiZombieTeam,208
1119,DOM64,[KRS] KRATOS,207
1120,DarkbossK,[DSM] DarkStorm,207
1121,Commander2fNtCFD,,203
1122,JZCesar,[Cmds] Comandantes,201
1123,Commander2faJMZn,[TLC] ThalassaCoven,198
1124,Commander2eYtWAZ,[TopU] UkraineWillWin,196
1125,Commander2dXkoWp,[VFD] VFDAHREA,193
1126,Commander2g2bWGp,[VFD] VFDAHREA,192
1127,Farao,[Cmds] Comandantes,192
1128,Otkir,[Bigg] Бароны,189
1129,아레흐,Df] 아무이름이나붙이기,189
1130,Commander2dlvgY5,[OSO] DFHJK,189
1131,Commander2dZjhFH,[TLC] ThalassaCoven,189
1132,Commander2f9EfIP,[Brav] Bravobr,188
1133,Commander2eCMjLD,[aWLO] 111AB,187
1134,Commander2ev3te5,[VFD] VFDAHREA,186
1135,owl666,[HEII] DarkAl,184
1136,Fernando1Cambron,[COG] Archersoflacross,184
1137,Eland,[uuas] usssss,184
1138,галым,[HEII] DarkAl,182
1139,Thetokyo,[Tr1] TürkBirliğı,175
1140,Hgfnm,[Wir] WölfeOdins,175
1141,ARLEQUIN,[TІOX] ПоХуисты,174
1142,Commander2dPAq4B,[uakl] uukkl,171
1143,Commander2eBDgKV,[LOD2] Legionofdoom,171
1144,Commander2eVYRON,[2kk] afwff,171
1145,Commander2frxIZj,[AADC] Tranquilityprevails,168
1146,partas,[SHE] ShadowLover,162
1147,Rojesatyr,[Aria] ariaetsescompagon,160
1148,Free-iran,[COM] AmericanHeadquarter,160
1149,Commander2ftsW8d,[ERT] ERTTT,160
1150,SZ37,[TopU] UkraineWillWin,160
1151,Commander2dR5e4Z,[RESH] Gshreh,156
1152,Commander2eVk7DT,[SMY] SileentMajority,153
1153,Carzie,[CPU] CPUUUU,152
1154,Commander2djnCg5,[TWB] BMWMT,152
1155,dkt,[BCB] BADCOMPANYBRIGADE,152
1156,Commander2fwStOh,[Brav] Bravobr,147
1157,zergy,[MXZ] Mexzom,147
1158,Commander2e6ghHD,[ovo] Fatebound,146
1159,GeneralVader,,144
1160,Veleceraptor,[GZS] GermanZombieSquad,144
1161,arquerodelsur,[DGe] DieGestrandeten,144
1162,Commander2dE27NH,[UTS] upthescore,144
1163,Commander2e9nbvL,[KRS2] KRATOS2,144
1164,kfchapo116,[COG] Archersoflacross,144
1165,Commander2fZRR3v,[D2D] DeadEndDynasty,144
1166,Commander2fFd5DD,[uuas] usssss,144
1167,Commander2faCMf3,[AADC] Tranquilityprevails,144
1168,MALZ07,[SMY] SileentMajority,144
1169,JarekWielki,[ovo] Fatebound,144
1170,Technoqueen,[KGLN] KillingLegion,144
1171,Commander2dKmPLT,[UTS] upthescore,144
1172,Commander2dKzaQd,[Sp3r] Sparta2026,138
1173,Stef91640,[KRS2] KRATOS2,138
1174,Commander2eUsqQl,[COM] AmericanHeadquarter,136
1175,Commander2dK6V49,[TWB] BMWMT,136
1176,Mona267,[P2MP] NowaPolandia,135
1177,Drez21519,[LOD2] Legionofdoom,135
1178,Commander2dOJaYJ,[QCK] QUICKREACTIONFORCE,135
1179,Commander2dts07H,[mvEp] Viva4ever,135
1180,Commander2eVEzEF,[SMR] Самара163,135
1181,Zuluba,[GDI] GolgDiggers,128
1182,taefn,[SpSS] AusSpass,128
1183,marie999,[Aria] ariaetsescompagon,120
1184,alkazar,[ERT] ERTTT,120
1185,CrazyQue,[COG] Archersoflacross,120
1186,JOJOs,[HDG] HérosdeGuerre,120
1187,FIFAUZ,[SMR] Самара163,117
1188,crookstarconnect,[7DS] Se7enDeàdlySins,117
1189,666stevie,[uakl] uukkl,117
1190,Распездяи,[PYZE] PYZDA,112
1191,Commander2eRQxiB,[Ktq] TheGoats,112
1192,NEXUSS,[XAT] EUROMONEY,112
1193,Labinot,[DGe] DieGestrandeten,112
1194,Commander2fqdppH,[190] CandyClub,112
1195,Toomm,[FGTH] FunnyGTH,108
1196,Commander2el66ix,[190] CandyClub,108
1197,Gemas,,108
1198,JEDI4U,[mvEp] Viva4ever,108
1199,DogmaDog,[AZT] AntiZombieTeam,104
1200,leonida22,[piiu] yhyfjukus,104
1201,Diyalizman,[1BiR] XOXOX,104
1202,Avanger,[GZS] GermanZombieSquad,104
1203,Commander2eLmGs5,[TIMI] ASDFG,104
1204,melqui,[FBL3] DVDVDVDC,102
1205,Commander2e9hCgR,[TIMI] ASDFG,99
1206,Commander2dUNLsp,[UTS] upthescore,99
1207,Gronkowski,[QCKJ QUICKREACTIONFORCE,96
1208,Carterer,[PYZE] PYZDA,96
1209,dominavita86,[CTA] centinelas,96
1210,Booyeah,[CK1] Crypt1cKnights,96
1211,OriK,[Ktq] TheGoats,96
1212,Hardes,[SpSS] AusSpass,96
1213,Commander2dG73BH,[2kk] afwff,96
1214,Commander2fVIxxz,[SMY] SileentMajority,96
1215,Commander2e28N8x,[Skr] southkorea,95
1216,Ulyssescegonza,[1Lr] resistencia,90
1217,Vovanuch,[uakl] uukkl,89
1218,Bhock24,[WZTX] KingThe,88
1219,dealmaker66,[WZTX] KingThe,88
1220,Commander2enfK4d,[VBD] VBDRFABA,88
1221,Commander2dVOhX7,[uakl] uukkl,88
1222,Commander2dZ2T89,[piiu] yhyfjukus,88
1223,0202Rom,[TIOX] ПоХуисты,88
1224,ПАВЛЕНТИЙ,[TIOX] ПоХуисты,84
1225,Kawekalaya,[CBD] CBDDD,84
1226,1345,[SMR] Самара163,81
1227,Meekhun55,[FGTH] FunnyGTH,81
1228,crimsonSky,[TIOX] ПоХуисты,81
1229,Mafer8989,,81
1230,Commander2fi8WoZ,[Azt2] USAKKAA,81
1231,Commander2fxV9L7,[LOD2] Legionofdoom,80
1232,Picoso,,80
1233,ArthurReis,,78
1234,Commander2oCK93D,[LzB] LetzteBastion,73
1235,petecz,[ovo] Fatebound,72
1236,Mousejerry02,[hel] helloo,72
1237,wasaap,[TopU] UkraineWillWin,72
1238,vano1984,[uakl] uukkl,72
1239,jek1981,[SpSS] AusSpass,72
1240,SmittySnipes79,[uakl] uukkl,72
1241,Joker7215,[FGTH] FunnyGTH,72
1242,Winniethepooh,[7DS] Se7enDeàdlySins,72
1243,Commander2fPcH5z,[SHE] ShadowLover,72
1244,Ddtlm0410,[TIMI] ASDFG,72
1245,RbG,[LzB] LetzteBastion,72
1246,Commander2eidmvz,[CBD] CBDDD,72
1247,YUNUSOV,[TopU] UkraineWillWin,70
1248,logen,[1BİR] XOXOX,70
1249,Commander2fLwPWd,[MMMC] Mdodmcj,67
1250,abbi,[TWB] BMWMT,64
1251,reapah,[ROKY] NO1ROK,64
1252,Bellchen,[19o] CandyClub,64
1253,Commander2dEXdA1,[SMY] SileentMajority,64
1254,Llynchup26,[SMY] SileentMajority,64
1255,Commander2f3yupL,[LOD2] Legionofdoom,64
1256,barmadox,[uakl] uukkl,64
1257,Kisskiss,[TIOX] ПоХуисты,63
1258,Antman37040,,63
1259,BlauBlau,[MMMC] Mdodmcj,63
1260,panchitoo,[D2D] DeadEndDynasty,63
1261,Lozzzaa,[7DS] Se7enDeàdlySins,63
1262,capalone,[DGe] DieGestrandeten,63
1263,Commander2fRN2Jv,[1BiR] XOXOX,63
1264,AnnaBella,[TLC] ThalassaCoven,63
1265,Kestlona,,56
1266,Yedips,[Azt2] USAKKAA,56
1267,Commander2fyQ0Cx,[GZS] GermanZombieSquad,56
1268,Ogtnt,[XAT] EUROMONEY,54
1269,BertieC1953,[7DS] Se7enDeàdlySins,54
1270,Commander2dMKDyJ,[SEE] SunEatingEagle,54
1271,Commander2dMdFOZ,[TopU] UkraineWillWin,54
1272,BHAGABAN,[ues] SUAUUUUUUK,54
1273,Commander2fbUwqp,[QCK] QUICKREACTIONFORCE,49
1274,Gwenz,[MMMC] Mdodmcj,49
1275,BrYcE~ii~vOrTeX,,48
1276,Jezuz,,48
1277,Commander2eZe6Gh,[ERT] ERTTT,48
1278,RAIM,[3612] Легенда007,48
1279,kpessea,[TIMI] ASDFG,48
1280,Bugger69,[KGLN] KillingLegion,48
1281,Commander2f32CS9,[KGH] KNGTH,48
1282,Commander2e2117X,[FGTH] FunnyGTH,45
1283,Commander2eVTjU1,[QhiX] TürklerGeliyor,45
1284,Commander2faHd9H,[XAT] EUROMONEY,45
1285,Commander2dMrsoJ,[TLC] ThalassaCoven,45
1286,Commander2eyc9QV,[1BİR] XOXOX,45
1287,Tokimus,[2kk] afwff,42
1288,Commander2eGFKHX,[Aria] ariaetsescompagon,40
1289,jimouss,[Aria] ariaetsescompagon,40
1290,saro90,[Sp3r] Sparta2026,40
1291,ESCORPION309,[Azt2] USAKKAA,40
1292,PG2,[SMY] SileentMajority,40
1293,Vasu,[BCB] BADCOMPANYBRIGADE,40
1294,BonkersT,,36
1295,Hameedhassani,[UTS] upthescore,36
1296,sayingbruv,,36
1297,RusNr,[TІOX] ПоХуисты,36
1298,Commander2e0HD1P,[TLC] ThalassaCoven,36
1299,Commander2fR31aj,[1BiR] XOXOX,36
1300,Quinn247,[SHE] ShadowLover,35
1301,GoodwillHunting,,35
1302,Commander2dKZ5Hv,[SpSS] AusSpass,35
1303,Commander2fgrPsp,[AADC] Tranquilityprevails,32
1304,Commander2ehCnqj,[hel] helloo,32
1305,Milobrlo,[TWB] BMWMT,32
1306,Commander2ew9uHr,,32
1307,Alexei-pervui,[HElI] DarkAl,32
1308,คาร์ลอส,[FGTH] FunnyGTH,32
1309,Commander2P6ImRD,[hel] helloo,32
1310,thedeadlyboy,[ovo] Fatebound,27
1311,vegasdpd,[ovo] Fatebound,27
1312,Commander2evKKix,[UOU] Пендосы,27
1313,Commander2ea4Hv7,[LOD2] Legionofdoom,27
1314,Commander2dQFKVn,[TІOX] ПоХуисты,27
1315,Commander2fJKihf,[piiu] yhyfjukus,25
1316,Commander2eyZIUZ,[COM] AmericanHeadquarter,24
1317,AlanWolf,[XAT] EUROMONEY,24
1318,ЭНТОНИ,[3612] Легенда007,24
1319,Douggiedoo,[wCOE] USAQUK,24
1320,FurrBall,[Ktq] TheGoats,24
1321,Frantor,[Sp3r] Sparta2026,24
1322,Commander2eZUyBD,[KDA] KDAUSA,24
1323,90sCrew,[BCB] BADCOMPANYBRIGADE,24
1324,Ulzhasha,[TIOX] ПоХуисты,24
1325,Biazorro,[Cmds] Comandantes,24
1326,Commander2eMHCPr,[Tr1] TürkBirliğı,24
1327,Commander2e2i6Fv,[2kk] afwff,21
1328,Commander2fGdrtH,,21
1329,Commander2fPLEqN,[TBS2] Tabacuddos,21
1330,Commander2ey7815,[1Lr] resistencia,21
1331,bertrum,,21
1332,zombi3d,[SMR] Самара163,18
1333,Commander2f8CnK5,[MMMC] Mdodmcj,18
1334,ILIKU,,18
1335,MOE5CCS,[FRO] FrosDomain,18
1336,БАДРИ,[Hard] Revolt,18
1337,Imzii,,18
1338,Sofiss~,[FBL3] DVDVDVDC,18
1339,Commander2frsMy9,[1Lr] resistencia,18
1340,Commander2fCsQex,[TІOX] ПоХуисты,18
1341,Commander2fO2ZAp,[TLC] ThalassaCoven,18
1342,Commander2eHFAA5,[LOD2] Legionofdoom,18
1343,shadowmoon03,[uakl] uukkl,18
1344,Romans814,[TLC] ThalassaCoven,18
1345,HeinzFiction,[GZS] GermanZombieSquad,16
1346,Commander2evOD77,[Brav] Bravobr,16
1347,CarlosCCG,[1Lr] resistencia,16
1348,Polipo,[LzB] LetzteBastion,16
1349,꺼드럭,[FBLL] DVDVDVD,16
1350,Commander2eq70dD,[SMY] SileentMajority,16
1351,Commander2fbKs0B,[KDA] KDAUSA,16
1352,Razielazariel,[mvEp] Viva4ever,16
1353,SULFUR,[SHE] ShadowLover,14
1354,Commander2e1rnxz,[VBD] VBDRFABA,14
1355,BigBadWolf22,[DSM] DarkStorm,14
1356,Commander2fDBMQR,[DSM] DarkStorm,14
1357,Vladpit,[1Lr] resistencia,12
1358,Commander2f5p5xX,[KGH] KNGTH,9
1359,Commander2fYm08d,[VBD] VBDRFABA,9
1360,Commander2foVbox,,9
1361,ArtArmenia,[uakl] uukkl,9
1362,Jaer,[DRKT] DarkKnightS,9
1363,paok1926,[FRO] FrosDomain,9
1364,Sunaaaa,[Tr1] TürkBirliğı,9
1365,Commander2eWUFxP,[LOD2] Legionofdoom,9
1366,Commander2fZei8Z,[DFH] LregLSho,9
1367,Özay0861,[Tr1] TürkBirliğı,9
1368,Commander2dG6Gah,[hel] helloo,9
1369,ПИЗДЕЦ,[SMR] Самара163,9
1370,Commander2dvxBpb,[KGH] KNGTH,9
1371,freebies,[mvEp] Viva4ever,9
1372,Danasaurusrex,[TLC] ThalassaCoven,9
1373,Striker4545,[Aria] ariaetsescompagon,8
1374,Druzhinin013,[ALIN] RUSalina,8
1375,Commander2fgGKmp,[3612] Легенда007,8
1376,Commander2eFPQJ7,[hel] helloo,8
1377,Sergey28rus,,8
1378,Commander2f45TRb,[TWB] BMWMT,8
1379,Ravshan5005,[SMR] Самара163,8
1380,Commander2eTt2FT,[Ktq] TheGoats,8
1381,Commander2fY08mN,[TIOX] ПоХуисты,8
1382,Commander2e9qweh,[TIMI] ASDFG,8
1383,Icuy,[SMY] SileentMajority,8
1384,JOY-COBRA,[Cmds] Comandantes,8
1385,Commander2e5XCvz,[Cmds] Comandantes,8
1386,Yanique,[A12] AmericanFamily,8
1387,Tof12,,8
1388,Renlo,[KRS2] KRATOS2,8
1389,GTA24,[Aria] ariaetsescompagon,7
1390,FBGM,[AZT] AntiZombieTeam,7
1391,Benimüssüm,[Tr1] TürkBirliğı,7
1392,homonez,[QWER] 가나디유치원,7
1393,Commander2fK4iAl,[DSM] DarkStorm,7
1394,Commander2fP4gXX,[DFH] LregLSho,7
1395,ЛЕНЧИК,[ALIN] RUSalina,6
1396,Azumiii,[Fkfk] Фкфкфкфк,6
1397,S9IVA999,[SHE] ShadowLover,6
1398,luckster1010,[BCB] BADCOMPANYBRIGADE,6
